title,channel_title,publish_time,trending_date,days_to_trend,views
Budweiser - Original Whazzup? ad,dannotv,2006-07-23 08:24:11,2018-02-05,4214.6,258506
Kramer vs Kramer-Clou Scene,Livia Giustiniani,2008-04-05 18:22:40,2018-01-09,3565.2,50168
Behind The Sounds: That's Not Me,BehindTheSounds,2008-06-17 00:07:56,2017-11-28,3451.0,86897
SAOIRSE RONAN - MORONIC (IRONIC),flirppy242,2008-08-07 12:16:58,2017-11-28,3399.5,26830
Amazon.com commercial Xmas 1999Magnetic Whale Art,astroboy1960,2009-03-10 00:27:20,2017-11-20,3177.0,15476
The Smithereens - Blue Period,misleadingsilhouette,2009-06-08 01:55:32,2017-12-16,3112.9,45096
The Cranberries - Dreams (Music Video HQ),CrossKut316,2009-09-18 15:36:33,2018-01-19,3044.3,114105
TimRollins part1,GrDrtube,2009-09-29 16:27:28,2018-01-12,3026.3,14289
Christmas Day 2000,vnbreyes,2009-12-15 23:26:32,2018-01-02,2939.0,3170
The perfect ice - Ice boats on Lake Geneva,MattMasonPhotography,2010-01-14 15:56:31,2017-11-16,2862.3,99999
Blade Vs Deacon Frost [Lightsaber Battle],Jamie Demeter,2010-04-10 04:54:31,2018-01-17,2838.8,163780
LL sound in Welsh,heroedelahistoria,2010-05-01 19:51:48,2018-01-24,2824.2,49407
The Royal Tenenbaums - Accident scene,shoaib246,2010-04-21 16:09:03,2018-01-12,2822.3,25796
washing dishes by hand is better than using a dishwasher,paul wheaton,2010-05-11 01:17:49,2018-01-27,2817.9,73902
Imperial-class Star Destroyer - TIE Bomber,Onur Altuğ Sever,2010-09-25 18:24:45,2018-01-04,2657.2,18015
Martin Luther King - A Time to Break Silence,FacelesswithEyesOpen,2011-03-27 01:52:47,2018-01-19,2489.9,2944
二贵摔跤 - tienghoa.net,Tina Nguyen,2011-03-01 04:14:08,2017-12-01,2466.8,22695
Live in the now!,poofables,2011-03-27 04:31:25,2017-11-14,2423.8,95085
U.S. v. Whistleblower Tom Drake,CBS News,2011-05-22 23:50:01,2018-01-04,2418.0,45777
Nick Andopolis: Drummer,FaeryInLoveInc,2011-05-29 17:03:12,2017-11-17,2363.3,58689
SF Museum Groundbreaking Show Survival Research Labs 1992,Genuine Survival Research Labs,2011-08-19 05:43:51,2018-01-09,2334.8,20107
notting-hill-movie-clip-last-brownie,Tim Barrett,2011-11-10 22:02:04,2018-01-09,2251.1,26243
Chuck Norris - Hunter - World of Warcraft TV Commercial - 2011,MrNorrisVideos,2011-11-20 22:45:45,2017-12-01,2202.1,127640
Joe Rogan and Eddie Bravo on Bob Sapp vs Nogueira (Part 1 of 2),razzark666,2012-01-02 23:42:16,2017-12-05,2163.0,52164
A scene from Suicide Club 2.avi,Srinath .S,2012-02-13 08:18:13,2017-11-28,2114.7,87215
A Sainty Switch,geicocaveman2012,2012-03-24 22:03:40,2017-12-01,2077.1,177098
"The Oak Beams of New College, Oxford",Stewart Brand,2012-06-10 19:24:38,2017-11-14,1982.2,6412
It's like I have ESPN,TheGracieC,2012-09-06 04:21:39,2018-01-09,1950.8,52124
The Fall - Kurious Oranj,ombremor,2012-12-04 14:34:57,2018-01-29,1881.4,127623
Sega Game Gear Commercial Creamed Spinach - Retro Video Game Commercial / Ad,VideoGameAds,2012-12-11 11:16:22,2018-02-01,1877.5,4008
How the Atomic Age Began at UChicago,The University of Chicago,2012-12-10 17:48:48,2017-12-07,1822.3,7753
1992 Chevy Lumina Euro commercial,lugnutsoldcrap,2013-03-10 16:41:59,2018-01-14,1770.3,6570
Pepsi Uses Aborted Babies to Flavor Test Soda- Alex Jones,Kanimuna Kisaka,2013-03-12 12:56:41,2017-11-28,1721.5,10692
Sergei Eisenstein the Father of Montage,Ryan Davidson,2013-05-20 15:19:37,2018-01-27,1712.4,139026
Mali Music and Jennifer Hudson are recording a song!,Tamika Hall,2013-03-22 22:46:47,2017-11-22,1705.1,5464
Pencil Sharpening Machine,Stefany Gonzalez,2013-05-24 12:14:49,2018-01-18,1699.5,11812
Oh What a Feeling. Toyota! 1982,Kevin Noonan,2013-05-28 00:02:49,2018-01-04,1682.0,13701
Beyond the Routine: Jordyn Wieber - The Trailer,FloSports,2013-07-08 22:05:56,2018-01-27,1663.1,29305
The President's Mystery (1936) - Full Movie,Freemeo,2013-07-07 21:38:01,2018-01-05,1642.1,10882
Magic Highway USA,Joshua Levin,2013-10-20 14:23:54,2018-02-05,1568.4,5454
1980 toyota corolla liftback commercial,Amarullah Rizky,2013-10-25 02:10:03,2018-02-04,1562.9,10345
S130 280ZX CM,Kita Osaka,2013-09-08 13:56:17,2017-12-08,1551.4,5682
Dazed & Confused - LIVIN Speech,Navenanthen Gepardieu,2013-10-28 11:39:41,2018-01-09,1533.5,21175
Laurie Santos: Monkeynomics,NOVA's Secret Life of Scientists and Engineers,2013-11-15 15:36:28,2018-01-16,1522.3,3319
"Interview with Clarice Lispector - São Paulo, 1977 (English subtitles)",Penguin Books UK,2014-01-24 15:59:43,2017-12-15,1420.3,51610
Mulan Hair Cut,Aymeric Favard,2014-03-15 18:21:22,2018-01-25,1411.2,17702
IoT kit robot #3,eba era,2014-03-07 22:39:36,2018-01-17,1411.1,3456
Creepy Matt lauer,Itzztonytony,2014-02-24 00:00:28,2017-12-05,1380.0,339306
Belle Movie CLIP - Rare And Exotic (2014) - Tom Felton Movie HD,Movieclips Coming Soon,2014-06-21 06:36:55,2018-01-03,1291.7,99066
70's Ads: After Eight Chocolate Mints,PhakeNam,2014-08-01 20:52:45,2018-01-25,1272.1,156712
John Cho - Wild World,UJ,2014-12-11 07:16:31,2018-01-04,1119.7,54529
RC Jansen Strandbeest,Mike H,2015-01-08 21:02:08,2018-01-09,1096.1,9046
High Fidelity Mixtape Rules,marjolijn2,2015-03-29 18:11:39,2018-01-29,1036.2,31505
MTB Skills - Technical Climb,Geoff Mallinson,2015-04-02 12:41:47,2018-01-28,1031.5,4880
How Zippers Are Made - Part 2 Adding Teeth to the Zipper Tape,UCAN Zippers USA,2015-07-01 23:18:59,2018-01-31,944.0,4734
Matthieu Ricard Leads a Meditation on Altruistic Love and Compassion | Talks at Google,Talks at Google,2015-06-11 17:41:02,2018-01-09,942.3,53000
A Day in The Life of David Letterman,Late Show with David Letterman,2015-05-21 07:55:00,2017-11-15,908.7,193832
Dan Quayle Speech About Murphy Brown and Family Values,Kevin Stein,2015-09-21 21:46:40,2018-02-01,863.1,2452
1991 Pontiac Lineup Commercial - With Patrick Stewart Narrating,Car Commercials of the Past,2015-09-03 06:01:12,2017-12-08,826.7,4842
The Adventures of Ford Fairlane: Springloaded gun mishap,Spectrum Haleskarth,2015-09-21 23:40:45,2017-11-27,797.0,6122
Impressive Kookaburra call,Eva Lunde Bentley,2015-10-13 08:25:49,2017-11-30,778.6,500154
old dodge stratus commercial,jeremiah johnson,2016-05-13 20:47:57,2018-01-25,621.1,3362
TB@DET: Enberg on the origins of his 'oh my' call,MLB,2016-05-21 23:30:46,2017-12-26,583.0,10655
African Grey Parrot swearing in an Irish accent,Marie McGann,2016-06-02 23:05:57,2017-11-27,542.0,9078
Transparent: YAS QUEEN,K Yuen,2016-06-20 06:44:53,2017-11-18,515.7,33260
Man pouring drinks (Jagerbomb shots) with his amazing trick - Whatsapp Videos,WhatsApp Wacky,2016-10-13 16:57:52,2018-02-05,479.3,2585
Breaking Bad's Bryan Cranston on Meeting Charles Manson,hudsonunionsociety,2016-10-14 21:14:51,2017-11-27,408.1,37346
Dogs First Snow! Cute Compilation!,Slednecks,2016-12-29 10:24:26,2018-01-19,385.6,5817
Jackson Pollock in 60 seconds,Royal Academy of Arts,2016-11-10 19:37:00,2017-11-28,382.2,17716
