category_name,video_days,unique_videos,median_views,mean_views,median_like_ratio,median_dislike_ratio,median_comments,share_of_rows_pct,avg_days_on_trending
Entertainment,9943,1622,733656.0,2067648.8063,0.0229,0.0009,1756.5,24.3,6.14
Music,6467,801,1434324.0,6204776.023,0.0395,0.0009,3914.0,15.8,8.08
Howto & Style,4142,595,502356.0,982861.3882,0.0431,0.001,1847.0,10.1,6.97
Comedy,3453,547,976989.0,1480239.3831,0.0384,0.0011,2604.0,8.4,6.34
People & Blogs,3208,498,598419.0,1530550.0823,0.036,0.001,1732.0,7.8,6.48
News & Politics,2485,507,244014.0,592792.9513,0.0085,0.0014,1006.0,6.1,4.92
Science & Technology,2397,381,582247.0,1449087.5065,0.0265,0.0009,1852.0,5.9,6.3
Film & Animation,2343,321,1274578.0,3101917.3845,0.0232,0.0008,2725.0,5.7,7.35
Sports,2172,452,559352.0,2027262.372,0.0108,0.0006,1137.5,5.3,4.85
Education,1654,251,419288.5,711444.9474,0.0361,0.0008,1469.5,4.0,6.61
Pets & Animals,920,141,444501.5,831143.4663,0.0308,0.0006,1191.0,2.2,6.56
Gaming,816,103,1488158.0,2607597.7708,0.0339,0.0013,8995.0,2.0,7.92
Travel & Events,401,60,494964.0,855612.4913,0.0191,0.0007,1678.0,1.0,6.73
Autos & Vehicles,384,71,406278.0,1355965.4089,0.0163,0.0008,929.0,0.9,5.34
Nonprofits & Activism,57,14,73649.0,2963884.0702,0.0333,0.0015,603.0,0.1,4.07
Shows,57,4,1155692.0,903527.3333,0.0221,0.0005,1648.0,0.1,14.25
