title,channel_title,category_name,views,likes,dislikes
Childish Gambino - This Is America (Official Video),ChildishGambinoVEVO,Music,225211923,5023450.0,343541.0
YouTube Rewind: The Shape of 2017 | #YouTubeRewind,YouTube Spotlight,Entertainment,149376127,3093544.0,1643059.0
Ariana Grande - No Tears Left To Cry,ArianaGrandeVevo,Music,148689896,3094021.0,129502.0
"Becky G, Natti Natasha - Sin Pijama (Official Video)",BeckyGVEVO,Music,139334502,1425496.0,119798.0
BTS (방탄소년단) 'FAKE LOVE' Official MV,ibighit,Music,123010920,5613827.0,206892.0
The Weeknd - Call Out My Name (Official Video),TheWeekndVEVO,Music,122544931,1427436.0,40837.0
"Luis Fonsi, Demi Lovato - Échame La Culpa",LuisFonsiVEVO,Music,102012605,2376636.0,117196.0
"Cardi B, Bad Bunny & J Balvin - I Like It [Official Music Video]",Cardi B,Music,94254507,1816753.0,102474.0
Marvel Studios' Avengers: Infinity War Official Trailer,Marvel Entertainment,Entertainment,91933007,2625661.0,53709.0
Maluma - El Préstamo (Official Video),MalumaVEVO,Music,87264467,815369.0,71494.0
