title,channel_title,views,likes,dislikes,like_dislike_ratio
PSA from Chairman of the FCC Ajit Pai,Daily Caller,1142585,9100.0,218841.0,0.0399226115529895
The FCC repeals its net neutrality rules,Washington Post,985179,4870.0,110707.0,0.0421364112236863
LuLaRoe Consultant Mocks Those With Special Needs,J S,212858,27.0,591.0,0.0436893203883495
Judge Roy Moore Campaign Statement,Roy Moore for Senate,603783,3307.0,46778.0,0.0660277528202056
Roy Moore Delivers Concession Speech From Alabama (Full) | NBC News,NBC News,163261,537.0,4074.0,0.1164606376057254
Terry Crews Says He Was Sexually Assaulted,Wendy Williams,451381,3110.0,14575.0,0.1758552445575346
Grammys 2018: Hillary Clinton surprises crowd to read Fire and Fury,CBS News,284558,2723.0,11551.0,0.1907664284713465
House Speaker Paul Ryan: ‘Don’t Forget This Is A Big Tax Cut For Families As Well’ | TODAY,TODAY,190162,1405.0,5359.0,0.2077173270254287
Fergie Performs The U.S. National Anthem / 2018 NBA All-Star Game,MLG Highlights,14647590,32892.0,117128.0,0.219250766564458
Chloe Grace Moretz on Louis C.K. and the #MeToo movement,Variety,140006,773.0,2735.0,0.2203534777651083
T-Mobile | #LittleOnes | 2018 Big Game Ad,T-Mobile,1687984,1700.0,5735.0,0.2286482851378614
Why black Americans are getting less sleep,Vox,512146,8374.0,25877.0,0.2444892119938104
Everything You Need to Know About ZOMBIES (Exclusive),Just Jared Jr,154709,816.0,2311.0,0.2609529900863447
I Feel Pretty Trailer #1 | Movieclips Trailers,Movieclips Trailers,126829,2972.0,7966.0,0.2717132931066008
Fergie's national anthem draws criticism | ESPN,ESPN,2762839,14362.0,37877.0,0.2749286931219969
Crowd boos as Trump calls media 'fake' in Davos,CNN,351309,3371.0,8766.0,0.2777457361786273
Diet Coke Twisted Mango | Groove,Diet Coke,363422,1181.0,3007.0,0.2819961795606495
Hope Detector | Hyundai NFL Super Bowl LII,HyundaiUSA,1217201,243.0,600.0,0.2882562277580071
Thousands rally for Women's March,ABC News,118025,1810.0,4392.0,0.291841341502741
#ProudToCreate: Pride 2018,YouTube Spotlight,597669,29781.0,71617.0,0.2937040178307264
"Official Ram Trucks Super Bowl Commercial | Dr. Martin Luther King, Jr. | Built to Serve",Ram Trucks,1865148,4223.0,9681.0,0.3037255466052934
Heathers Official Red Band Trailer | Premieres March 7th on Paramount Network,Paramount Network,168245,1824.0,4152.0,0.3052208835341365
Rosie O’Donnell On Donald Trump’s Hostility Toward Her | WWHL,Watch What Happens Live with Andy Cohen,238643,2429.0,5381.0,0.31101152368758
Jennifer Lawrence: 'I Become Incredibly Rude' to Avoid Fan Encounters in Public,Variety,108786,697.0,1479.0,0.3203125
Xscape's Tamika Scott Falls During Epic Wardrobe Malfunction Onstage | TMZ,TMZ,159480,552.0,1109.0,0.3323299217338952
Introducing the Peloton Tread™,Peloton,100701,557.0,1112.0,0.3337327741162372
"Boy speaks out on viral bullying video, mom addresses backlash",CBS This Morning,317143,2306.0,4508.0,0.3384208981508658
"Confrontation Between Lifeguard, Bodysurfer Caught On Camera In Redondo Beach Goes Viral",mike m,102560,768.0,1452.0,0.3459459459459459
The Breakfast Club Addresses Backlash After Amara La Negra Interview,Breakfast Club Power 105.1 FM,236711,2078.0,3532.0,0.370409982174688
Charmed | Extended First Look | The CW,The CW Television Network,553096,2679.0,4535.0,0.3713612420293873
Foudy reports on Mirai Nagasu's historic triple axel at Winter Olympics | Golic and Wingo | ESPN,ESPN,254142,733.0,1198.0,0.3795960642154324
Tia's Goodbye- Bachelor,Bachelor Nation on ABC,102302,233.0,373.0,0.3844884488448845
Heather Locklear arrested for domestic violence,Fox News,123214,359.0,564.0,0.3889490790899241
WEEI: Alex Reimer calls Tom Brady’s daughter an “Annoying Little Pissant” 1/25/18,Nick Ramos,994747,258.0,398.0,0.3932926829268293
Lindsey Vonn: I won't be representing Trump at Olympics,CNN,119646,2112.0,3224.0,0.3958020989505247
"Top 10 Plays of the Night: December 13, 2017",NBA,180677,2639.0,3785.0,0.4108032378580323
"Sen. Kirsten Gillibrand Talks Allegations Against Steve Wynn, Calling For Al Franken To Step Down",The View,283154,960.0,1300.0,0.4247787610619469
KFC | Honky Tonk | Smoky Mountain BBQ,KFC,301693,2148.0,2908.0,0.4248417721518987
Tom Brady Hangs Up On Boston Radio Hosts After Insult About Daughter | SI Wire | Sports Illustrated,Sports Illustrated,125370,420.0,513.0,0.45016077170418
Our Surrogate Story: The Truth | Gigi,Gigi Gorgeous,759844,18096.0,21877.0,0.4527055762639781
Stephon Marbury and Jimmer Fredette fight in China,NBA Highlights · YouTube,956169,2017.0,2425.0,0.4540747411076092
Controversial WH adviser speaks out on resignation,ABC News,205883,916.0,1038.0,0.4687819856704197
Golden Globes 2018: The Most Memorable Moments | THR News,The Hollywood Reporter,132893,766.0,867.0,0.4690753214941824
"The BIGGEST Moments From the 2018 Grammys: Kesha, Bruno Mars, Kendrick Lamar, & Hillary Clinton",Entertainment Tonight,372615,1537.0,1723.0,0.4714723926380368
Second Woman Accuses Sen. Al Franken Of Inappropriate Touching | The View,The View,157759,685.0,767.0,0.471763085399449
Emma Gonzalez gives speech at March for Our Lives rally,CNN,486688,11540.0,12891.0,0.4723507019769964
Women are marching on Trump's one-year anniversary in office,CNN,247049,2874.0,3174.0,0.4751984126984127
BEIRUT | Official Trailer,Bleecker Street,2398403,326.0,354.0,0.4794117647058823
Police Just Found A Missing Texas Reporter Who Said She Was Being Followed By Suspicious Man | TIME,TIME,434989,1170.0,1269.0,0.4797047970479705
Donald Trump animatronic debuts in Hall of Presidents at Walt Disney World,Inside the Magic,309393,2837.0,3068.0,0.4804403048264183
"Top 5 Plays of the Night | January 23, 2018",NBA,144065,1798.0,1938.0,0.4812633832976445
Megyn Kelly: I Have No Regrets About My Question To Jane Fonda | Megyn Kelly TODAY,TODAY,515508,2297.0,2471.0,0.4817533557046979
DAD TEACHES GAY SON HOW TO SHOOT *emotional*,Lucas,304869,8787.0,9407.0,0.4829614158513796
"#MeToo Backlash | January 17, 2018 Act 1 | Full Frontal on TBS",Full Frontal with Samantha Bee,635686,11383.0,12122.0,0.4842799404382046
So Sorry.,Logan Paul Vlogs,28407744,1204072.0,1278887.0,0.4849343062048145
"Trump: US, France and UK launch strikes on Syria",CNN,603406,5424.0,5693.0,0.4879014122515067
"Top 5 Plays of the Night | January 02, 2018",NBA,146536,1691.0,1762.0,0.4897190848537504
World's first self-driving shuttle crashes on first day of use,KSNV News 3 Las Vegas,169511,57.0,59.0,0.4913793103448275
"Jimmy Kimmel monologue - Jan 11, 2018 | Trump Slurs Immigrants from 'sh*thole countries'",Donald J. Trump Topic,439893,2865.0,2951.0,0.4926066024759284
"Top 10 Plays of the Night | January 3, 2018",NBA,161925,2153.0,2196.0,0.4950563347896068
"President Bill Clinton On Dictators, Democracy, & Why We Need Immigrants More Than Ever",Team Coco,366180,4364.0,4448.0,0.4952337721289151
President Trump Signs Tax Bill,The White House,182866,6288.0,6407.0,0.4953131153997637
Golden Globes 2018: What to Expect as Celebs Hit the Red Carpet in All Black,Entertainment Tonight,150386,744.0,758.0,0.4953395472703062
Matthew Santoro - FACTS (Official Music Video) f. Ellevan & Humble the Poet,MatthewSantoro,328330,15186.0,15448.0,0.4957237056864921
Eagles players mock Vikings in blowout,NJ.com,619721,3080.0,3122.0,0.4966139954853273
Selling My iPhone X To a Machine at Walmart,TechSmartt,3495474,41976.0,42467.0,0.4970927134279928
Speechless Thoughts with Charles Barkley - Closed Captioned,McDonald's,1654618,6790.0,6850.0,0.4978005865102639
