,value
views_median,680977.0
views_mean,2360648.837
views_max,225211923.0
iqr_outlier_rows,4498.0
iqr_outlier_pct,10.998
iqr_upper_bound,4190388.25
weekend_share_of_rows_pct,17.724
weekend_median_views,752453.0
weekday_median_views,661941.0
median_days_to_trend,4.8
trend_within_1_day_pct,7.673
median_growth_multiple,2.005
videos_in_growth_calc,3981.0
old_video_rows,237.0
controversial_videos,67.0
median_days_on_list,6.0
max_days_on_list,29.0
videos_10plus_days,1209.0
peak_hours_share_14_17_pct,32.744
spearman_views_likes,0.868
spearman_views_comments,0.833
spearman_views_tags,0.083
spearman_views_title_len,-0.072
top10_channels_share_pct,4.631
