title,channel_title,category_name,views
Childish Gambino - This Is America (Official Video),ChildishGambinoVEVO,Music,225211923
YouTube Rewind: The Shape of 2017 | #YouTubeRewind,YouTube Spotlight,Entertainment,149376127
Ariana Grande - No Tears Left To Cry,ArianaGrandeVevo,Music,148689896
"Becky G, Natti Natasha - Sin Pijama (Official Video)",BeckyGVEVO,Music,139334502
BTS (방탄소년단) 'FAKE LOVE' Official MV,ibighit,Music,123010920
The Weeknd - Call Out My Name (Official Video),TheWeekndVEVO,Music,122544931
"Luis Fonsi, Demi Lovato - Échame La Culpa",LuisFonsiVEVO,Music,102012605
"Cardi B, Bad Bunny & J Balvin - I Like It [Official Music Video]",Cardi B,Music,94254507
Marvel Studios' Avengers: Infinity War Official Trailer,Marvel Entertainment,Entertainment,91933007
Maluma - El Préstamo (Official Video),MalumaVEVO,Music,87264467
Taylor Swift - Delicate,TaylorSwiftVEVO,Music,71560694
"Calvin Harris, Dua Lipa - One Kiss (Official Video)",CalvinHarrisVEVO,Music,71017021
TWICE What is Love? M/V,jypentertainment,Music,69295519
Maroon 5 - Girls Like You ft. Cardi B,Maroon5VEVO,Music,66529577
Drake - Nice For What,DrakeVEVO,Music,60635812
Maluma - Marinero (Official Video),MalumaVEVO,Music,59877217
VENOM - Official Trailer (HD),Sony Pictures Entertainment,Entertainment,59254638
Bruno Mars - Finesse (Remix) [Feat. Cardi B] [Official Video],Bruno Mars,Music,57951412
To Our Daughter,Kylie Jenner,People & Blogs,56111957
Ed Sheeran - Happier (Official Video),Ed Sheeran,Music,55054077
Selena Gomez - Back To You (Lyric Video),Selena Gomez,Film & Animation,54863912
42 HOLY GRAIL HACKS THAT WILL SAVE YOU A FORTUNE,5-Minute Crafts,Howto & Style,54155921
Marvel Studios' Avengers: Infinity War - Official Trailer,Marvel Entertainment,Entertainment,52404970
Sanju | Official Teaser | Ranbir Kapoor | Rajkumar Hirani,FoxStarHindi,Entertainment,48654951
"G-Eazy - No Limit REMIX ft. A$AP Rocky, Cardi B, French Montana, Juicy J, Belly",GEazyMusicVEVO,Music,45938392
"Taylor Swift - End Game ft. Ed Sheeran, Future",TaylorSwiftVEVO,Music,45141770
ZAYN - Let Me (Official Video),ZaynVEVO,Music,44782227
Ed Sheeran - Perfect (Official Music Video),Ed Sheeran,Music,43449654
Do You Hear Yanny or Laurel? (SOLVED with SCIENCE),AsapSCIENCE,Science & Technology,42799458
Liam Payne & J Balvin - Familiar (Official Video),LiamPayneVEVO,Music,42390420
Daddy Yankee - Hielo (Video Oficial),Daddy Yankee,Music,41803845
The Weeknd - Call Out My Name (Official Audio),The Weeknd,Music,41604561
Jennifer Lopez - El Anillo (Official Video),JenniferLopezVEVO,Music,41446137
TWICE Heart Shaker M/V,jypentertainment,Music,41088994
Sanju | Official Trailer | Ranbir Kapoor | Rajkumar Hirani | Releasing on 29th June,FoxStarHindi,Entertainment,40714581
"Diplo, French Montana & Lil Pump ft. Zhavia - Welcome To The Party (Official Video)",Diplo,Music,40087764
Jurassic World: Fallen Kingdom - Official Trailer [HD],Universal Pictures,Entertainment,38070298
So Sorry.,Logan Paul Vlogs,Entertainment,37539570
BTS (방탄소년단) 'MIC Drop (Steve Aoki Remix)' Official MV,ibighit,Music,36857298
Nicki Minaj - Chun-Li,NickiMinajAtVEVO,Music,36759844
Incredibles 2 Official Teaser Trailer,Disney•Pixar,Film & Animation,36152111
Ed Sheeran - Perfect Duet (with Beyoncé) [Official Audio],Ed Sheeran,Music,36101955
Selena Gomez - Back To You,SelenaGomezVEVO,Music,35181079
Incredibles 2 - Olympics Sneak Peek,Disney•Pixar,Film & Animation,34269048
we broke up,David Dobrik,People & Blogs,33627806
Katy Perry - Hey Hey Hey (Official),KatyPerryVEVO,Music,33420138
Eminem - River ft. Ed Sheeran,EminemVEVO,Music,32730338
Shawn Mendes - Youth (Lyric Video) ft. Khalid,ShawnMendesVEVO,Music,32079687
"Jennifer Lopez - Dinero ft. DJ Khaled, Cardi B",JenniferLopezVEVO,Music,30599645
"Calvin Harris, Dua Lipa - One Kiss (Lyric Video)",CalvinHarrisVEVO,Music,30061253
